Feature,Importance
Digit Count,0.15942672753775716
URL Length,0.15724322801546226
Domain Length,0.1325951082832926
Number of Slashes,0.10424612711517457
Number of Dots,0.08465237040300069
Number of Hyphens,0.08058495679357791
Suspicious Word Present,0.07638874757845886
Suspicious Word Count,0.07025803830776167
Digit in Domain,0.045263939813945935
Number of Equal Signs,0.02877721127614456
Suspicious TLD,0.014871073980259827
Hyphen in Domain,0.014283917835580421
Multiple Subdomains,0.012711915698788878
URL Length > 60,0.00842859195880617
Direct IP Address,0.006018766938524373
@ Symbol,0.0037756257149185696
Look-alike Domain,0.00028757008548799127
HTTP Without HTTPS,9.607727429497453e-05
HTTPS Present,9.000538876261463e-05
